# SYNTHETIC EXAMPLE -- NOT measured, NOT circuit-simulator output [ASSUMPTION]
# truth: delta_theta(e) = -0.3*(sin e + 0.3*sin 2e) (K=0.3; odd; quarter-wave skewed); 128 phi steps; 10 fs rms timing noise per crossing; seed 20261005; f_vco 12.5 GHz
# regenerate: python3 extraction/run_sweep.py --synthetic -o pdr_raw_synthetic_asym.csv && python3 extraction/postprocess_pdr.py pdr_raw_synthetic_asym.csv -o examples/pdr_example_asymmetric.csv (plus these --comment lines)
# PDR/PRC LUT for MODEL_SPEC.md section 14: SimConfig(inj_model='lut', pdr_lut=...)
# columns: e_inj_rad, delta_theta_rad (model: linear interp, clamped at the ends)
# grid: 64 points uniform on [-pi, pi] (both endpoints)
# sign: e_inj > 0 = pulse LATE vs target zero crossing; delta_theta < 0 = VCO edges delayed
# generated by extraction/postprocess_pdr.py from pdr_raw_synthetic_asym.csv
# K_inj(small-signal, e=0) = 0.479055; K1(first harmonic) = 0.299713; max|kick| = 0.339669 rad
e_inj_rad,delta_theta_rad
-3.141592653589793,-0.00023606986704240173
-3.0418595534758315,0.013923972633134253
-2.94212645336187,0.023797406323034186
-2.842393353247908,0.03610623418317707
-2.7426602531339466,0.053696451584615286
-2.6429271530199845,0.06960200403065539
-2.543194052906023,0.08489983547128051
-2.443460952792061,0.10518140860815774
-2.3437278526780996,0.1256408999787781
-2.243994752564138,0.14551135231004023
-2.1442616524501763,0.17125133345420956
-2.0445285523362147,0.19417641547116857
-1.9447954522222528,0.21816281209493785
-1.8450623521082912,0.24219723411898225
-1.7453292519943293,0.26352655838276307
-1.6455961518803677,0.2857197805346776
-1.545863051766406,0.30483155372408494
-1.4461299516524444,0.3209569073022049
-1.3463968515384828,0.3315449264282536
-1.246663751424521,0.3385508143832476
-1.1469306513105593,0.3396746239182739
-1.0471975511965974,0.3356066795573478
-0.9474644510826358,0.32985279669727563
-0.8477313509686741,0.3142463546580744
-0.7479982508547125,0.2926838581139074
-0.6482651507407509,0.2680762193483641
-0.5485320506267892,0.23707983080597952
-0.4487989505128276,0.20302107139463044
-0.3490658503988655,0.16103399469561547
-0.24933275028490387,0.11551703997002141
-0.14959965017094223,0.07107605424814083
-0.049866550056980596,0.025611989096368762
0.04986655005698104,-0.023271293362248466
0.14959965017094268,-0.0727995267630675
0.24933275028490431,-0.11738716244675416
0.34906585039886595,-0.16074316491573104
0.4487989505128276,-0.19979444500596863
0.5485320506267897,-0.23772847907350209
0.6482651507407513,-0.26689506425673826
0.7479982508547129,-0.2932747115213093
0.8477313509686746,-0.31338457431122324
0.9474644510826362,-0.3300830942432812
1.0471975511965983,-0.33628045962113035
1.1469306513105595,-0.33930411547688083
1.2466637514245216,-0.3385371431917811
1.3463968515384828,-0.33245728241275413
1.4461299516524448,-0.31859148918586194
1.545863051766406,-0.30303784961166313
1.6455961518803681,-0.28604406580215186
1.7453292519943302,-0.2650873962594715
1.8450623521082914,-0.24109258027603084
1.9447954522222535,-0.21700147606352793
2.0445285523362147,-0.1946317123784039
2.1442616524501767,-0.1692332208533173
2.243994752564138,-0.14769486142341332
2.3437278526781,-0.12565610421224363
2.443460952792062,-0.10463164470117026
2.5431940529060233,-0.08650120319367287
2.6429271530199854,-0.06863924278876576
2.7426602531339466,-0.051813059666917495
2.8423933532479086,-0.03809152750123394
2.94212645336187,-0.02520058208357624
3.041859553475832,-0.011581181966937706
3.141592653589793,-0.00023606986704240173
